Model,Accuracy,Precision,Recall,F1-score,ROC AUC,NDCG
rf,0.49260848831664283,0.4993920972644377,0.7735404896421846,0.6069449575175471,0.4954005067459992,0.8986708054075805
xgb,0.5064377682403434,0.5064377682403434,1.0,0.6723646723646723,0.503566441041877,0.9088748020583777
nn,0.5009537434430138,0.5041344358495599,0.8898305084745762,0.6436233611442193,0.4958402703858366,0.9035444184697051
