model_type,accuracy,precision,recall,f1_score,roc_auc,ndcg
lgb,0.4888148500713946,0.4906775807185084,0.5121025154247746,0.5011611704598234,0.48889484194632515,0.9018293983388628
